result_run_id,result_scope,condition_count,successful_condition_count,completed_at_utc,run_path
20260710_195541_b-n0001,batch,1,1,2026-07-10T18:10:24+00:00,/beegfs/home/users/g/generalgroovy/experiments/CoopNavigationSDS/results/agent_b/userlm_transformers/01-small-qwen2.5-0.5b/userlm/20260710_195541_b-n0001
20260710_195541_b-n0001_02,batch,1,1,2026-07-10T18:09:49+00:00,/beegfs/home/users/g/generalgroovy/experiments/CoopNavigationSDS/results/agent_b/userlm_transformers/01-small-qwen2.5-0.5b/userlm/20260710_195541_b-n0001_02
20260710_195601_b-n0001,batch,1,1,2026-07-10T18:09:59+00:00,/beegfs/home/users/g/generalgroovy/experiments/CoopNavigationSDS/results/agent_b/userlm_transformers/01-small-qwen2.5-0.5b/userlm/20260710_195601_b-n0001
20260710_195601_b-n0001_02,batch,1,1,2026-07-10T18:12:25+00:00,/beegfs/home/users/g/generalgroovy/experiments/CoopNavigationSDS/results/agent_b/userlm_transformers/01-small-qwen2.5-0.5b/userlm/20260710_195601_b-n0001_02
20260710_200803_b-n0001,batch,1,0,2026-07-10T18:15:37+00:00,/beegfs/home/users/g/generalgroovy/experiments/CoopNavigationSDS/results/agent_b/userlm_transformers/01-small-qwen2.5-0.5b/userlm/20260710_200803_b-n0001
20260710_200831_b-n0001,batch,1,0,2026-07-10T18:12:12+00:00,/beegfs/home/users/g/generalgroovy/experiments/CoopNavigationSDS/results/agent_b/userlm_transformers/01-small-qwen2.5-0.5b/userlm/20260710_200831_b-n0001
20260710_200831_b-n0001_02,batch,1,0,2026-07-10T18:13:47+00:00,/beegfs/home/users/g/generalgroovy/experiments/CoopNavigationSDS/results/agent_b/userlm_transformers/01-small-qwen2.5-0.5b/userlm/20260710_200831_b-n0001_02
20260710_201032_b-n0001,batch,1,1,2026-07-10T18:21:38+00:00,/beegfs/home/users/g/generalgroovy/experiments/CoopNavigationSDS/results/agent_b/userlm_transformers/01-small-qwen2.5-0.5b/userlm/20260710_201032_b-n0001
20260710_201032_b-n0001_02,batch,1,0,2026-07-10T18:13:36+00:00,/beegfs/home/users/g/generalgroovy/experiments/CoopNavigationSDS/results/agent_b/userlm_transformers/01-small-qwen2.5-0.5b/userlm/20260710_201032_b-n0001_02
20260710_201202_b-n0001,batch,1,1,2026-07-10T18:22:46+00:00,/beegfs/home/users/g/generalgroovy/experiments/CoopNavigationSDS/results/agent_b/userlm_transformers/01-small-qwen2.5-0.5b/userlm/20260710_201202_b-n0001
20260710_201202_b-n0001_02,batch,1,1,2026-07-10T18:24:27+00:00,/beegfs/home/users/g/generalgroovy/experiments/CoopNavigationSDS/results/agent_b/userlm_transformers/01-small-qwen2.5-0.5b/userlm/20260710_201202_b-n0001_02
20260710_201432_b-n0001,batch,1,0,2026-07-10T18:18:19+00:00,/beegfs/home/users/g/generalgroovy/experiments/CoopNavigationSDS/results/agent_b/userlm_transformers/01-small-qwen2.5-0.5b/userlm/20260710_201432_b-n0001
20260710_201633_b-n0001,batch,1,0,2026-07-10T18:19:57+00:00,/beegfs/home/users/g/generalgroovy/experiments/CoopNavigationSDS/results/agent_b/userlm_transformers/01-small-qwen2.5-0.5b/userlm/20260710_201633_b-n0001
20260710_201833_b-n0001,batch,1,1,2026-07-10T18:29:06+00:00,/beegfs/home/users/g/generalgroovy/experiments/CoopNavigationSDS/results/agent_b/userlm_transformers/01-small-qwen2.5-0.5b/userlm/20260710_201833_b-n0001
20260710_201933_b-n0001,batch,1,0,2026-07-10T18:26:01+00:00,/beegfs/home/users/g/generalgroovy/experiments/CoopNavigationSDS/results/agent_b/userlm_transformers/01-small-qwen2.5-0.5b/userlm/20260710_201933_b-n0001
20260710_202103_b-n0001,batch,1,1,2026-07-10T18:32:45+00:00,/beegfs/home/users/g/generalgroovy/experiments/CoopNavigationSDS/results/agent_b/userlm_transformers/01-small-qwen2.5-0.5b/userlm/20260710_202103_b-n0001
20260710_202234_b-n0001,batch,1,1,2026-07-10T18:37:54+00:00,/beegfs/home/users/g/generalgroovy/experiments/CoopNavigationSDS/results/agent_b/userlm_transformers/01-small-qwen2.5-0.5b/userlm/20260710_202234_b-n0001
20260710_202403_b-n0001,batch,1,1,2026-07-10T18:34:51+00:00,/beegfs/home/users/g/generalgroovy/experiments/CoopNavigationSDS/results/agent_b/userlm_transformers/01-small-qwen2.5-0.5b/userlm/20260710_202403_b-n0001
20260710_202804_b-n0001,batch,1,1,2026-07-10T18:40:30+00:00,/beegfs/home/users/g/generalgroovy/experiments/CoopNavigationSDS/results/agent_b/userlm_transformers/01-small-qwen2.5-0.5b/userlm/20260710_202804_b-n0001
20260710_203104_b-n0001,batch,1,1,2026-07-10T18:40:48+00:00,/beegfs/home/users/g/generalgroovy/experiments/CoopNavigationSDS/results/agent_b/userlm_transformers/01-small-qwen2.5-0.5b/userlm/20260710_203104_b-n0001
20260710_203335_b-n0001,batch,1,1,2026-07-10T18:49:34+00:00,/beegfs/home/users/g/generalgroovy/experiments/CoopNavigationSDS/results/agent_b/userlm_transformers/01-small-qwen2.5-0.5b/userlm/20260710_203335_b-n0001
20260710_203635_b-n0001,batch,1,0,2026-07-10T18:39:39+00:00,/beegfs/home/users/g/generalgroovy/experiments/CoopNavigationSDS/results/agent_b/userlm_transformers/01-small-qwen2.5-0.5b/userlm/20260710_203635_b-n0001
20260710_203835_b-n0001,batch,1,0,2026-07-10T18:41:36+00:00,/beegfs/home/users/g/generalgroovy/experiments/CoopNavigationSDS/results/agent_b/userlm_transformers/01-small-qwen2.5-0.5b/userlm/20260710_203835_b-n0001
20260710_203905_b-n0001,batch,1,0,2026-07-10T18:42:11+00:00,/beegfs/home/users/g/generalgroovy/experiments/CoopNavigationSDS/results/agent_b/userlm_transformers/01-small-qwen2.5-0.5b/userlm/20260710_203905_b-n0001
20260710_203936_b-n0001,batch,1,1,2026-07-10T18:53:36+00:00,/beegfs/home/users/g/generalgroovy/experiments/CoopNavigationSDS/results/agent_b/userlm_transformers/01-small-qwen2.5-0.5b/userlm/20260710_203936_b-n0001
20260710_204005_b-n0001,batch,1,1,2026-07-10T18:50:33+00:00,/beegfs/home/users/g/generalgroovy/experiments/CoopNavigationSDS/results/agent_b/userlm_transformers/01-small-qwen2.5-0.5b/userlm/20260710_204005_b-n0001
20260710_204107_b-n0001,batch,1,0,2026-07-10T18:44:46+00:00,/beegfs/home/users/g/generalgroovy/experiments/CoopNavigationSDS/results/agent_b/userlm_transformers/01-small-qwen2.5-0.5b/userlm/20260710_204107_b-n0001
20260710_204306_b-n0001,batch,1,0,2026-07-10T18:46:22+00:00,/beegfs/home/users/g/generalgroovy/experiments/CoopNavigationSDS/results/agent_b/userlm_transformers/01-small-qwen2.5-0.5b/userlm/20260710_204306_b-n0001
20260710_204506_b-n0001,batch,1,0,2026-07-10T18:48:20+00:00,/beegfs/home/users/g/generalgroovy/experiments/CoopNavigationSDS/results/agent_b/userlm_transformers/01-small-qwen2.5-0.5b/userlm/20260710_204506_b-n0001
20260710_204636_b-n0001,batch,1,0,2026-07-10T18:49:22+00:00,/beegfs/home/users/g/generalgroovy/experiments/CoopNavigationSDS/results/agent_b/userlm_transformers/01-small-qwen2.5-0.5b/userlm/20260710_204636_b-n0001
20260710_204736_b-n0001,batch,1,1,2026-07-10T18:58:16+00:00,/beegfs/home/users/g/generalgroovy/experiments/CoopNavigationSDS/results/agent_b/userlm_transformers/01-small-qwen2.5-0.5b/userlm/20260710_204736_b-n0001
20260710_204806_b-n0001,batch,1,0,2026-07-10T18:51:23+00:00,/beegfs/home/users/g/generalgroovy/experiments/CoopNavigationSDS/results/agent_b/userlm_transformers/01-small-qwen2.5-0.5b/userlm/20260710_204806_b-n0001
20260710_204906_b-n0001,batch,1,1,2026-07-10T19:04:42+00:00,/beegfs/home/users/g/generalgroovy/experiments/CoopNavigationSDS/results/agent_b/userlm_transformers/01-small-qwen2.5-0.5b/userlm/20260710_204906_b-n0001
20260710_204936_b-n0001,batch,1,1,2026-07-10T18:59:49+00:00,/beegfs/home/users/g/generalgroovy/experiments/CoopNavigationSDS/results/agent_b/userlm_transformers/01-small-qwen2.5-0.5b/userlm/20260710_204936_b-n0001
20260710_205137_b-n0001,batch,1,1,2026-07-10T19:01:08+00:00,/beegfs/home/users/g/generalgroovy/experiments/CoopNavigationSDS/results/agent_b/userlm_transformers/01-small-qwen2.5-0.5b/userlm/20260710_205137_b-n0001
20260710_205637_b-n0001,batch,1,1,2026-07-10T19:10:21+00:00,/beegfs/home/users/g/generalgroovy/experiments/CoopNavigationSDS/results/agent_b/userlm_transformers/01-small-qwen2.5-0.5b/userlm/20260710_205637_b-n0001
20260710_205838_b-n0001,batch,1,1,2026-07-10T19:11:00+00:00,/beegfs/home/users/g/generalgroovy/experiments/CoopNavigationSDS/results/agent_b/userlm_transformers/01-small-qwen2.5-0.5b/userlm/20260710_205838_b-n0001
20260710_205937_b-n0001,batch,1,0,2026-07-10T19:06:35+00:00,/beegfs/home/users/g/generalgroovy/experiments/CoopNavigationSDS/results/agent_b/userlm_transformers/01-small-qwen2.5-0.5b/userlm/20260710_205937_b-n0001
20260710_210239_b-n0001,batch,1,1,2026-07-10T19:12:23+00:00,/beegfs/home/users/g/generalgroovy/experiments/CoopNavigationSDS/results/agent_b/userlm_transformers/01-small-qwen2.5-0.5b/userlm/20260710_210239_b-n0001
20260710_210438_b-n0001,batch,1,1,2026-07-10T19:14:26+00:00,/beegfs/home/users/g/generalgroovy/experiments/CoopNavigationSDS/results/agent_b/userlm_transformers/01-small-qwen2.5-0.5b/userlm/20260710_210438_b-n0001
20260710_210908_b-n0001,batch,1,1,2026-07-10T19:19:27+00:00,/beegfs/home/users/g/generalgroovy/experiments/CoopNavigationSDS/results/agent_b/userlm_transformers/01-small-qwen2.5-0.5b/userlm/20260710_210908_b-n0001
20260710_210939_b-n0001,batch,1,1,2026-07-10T19:19:39+00:00,/beegfs/home/users/g/generalgroovy/experiments/CoopNavigationSDS/results/agent_b/userlm_transformers/01-small-qwen2.5-0.5b/userlm/20260710_210939_b-n0001
20260710_211109_b-n0001,batch,1,1,2026-07-10T19:23:44+00:00,/beegfs/home/users/g/generalgroovy/experiments/CoopNavigationSDS/results/agent_b/userlm_transformers/01-small-qwen2.5-0.5b/userlm/20260710_211109_b-n0001
20260710_211239_b-n0001,batch,1,1,2026-07-10T19:25:56+00:00,/beegfs/home/users/g/generalgroovy/experiments/CoopNavigationSDS/results/agent_b/userlm_transformers/01-small-qwen2.5-0.5b/userlm/20260710_211239_b-n0001
20260710_211810_b-n0001,batch,1,1,2026-07-10T19:32:05+00:00,/beegfs/home/users/g/generalgroovy/experiments/CoopNavigationSDS/results/agent_b/userlm_transformers/01-small-qwen2.5-0.5b/userlm/20260710_211810_b-n0001
20260710_211810_b-n0001_02,batch,1,0,2026-07-10T19:23:34+00:00,/beegfs/home/users/g/generalgroovy/experiments/CoopNavigationSDS/results/agent_b/userlm_transformers/01-small-qwen2.5-0.5b/userlm/20260710_211810_b-n0001_02
20260710_212140_b-n0001,batch,1,1,2026-07-10T19:32:13+00:00,/beegfs/home/users/g/generalgroovy/experiments/CoopNavigationSDS/results/agent_b/userlm_transformers/01-small-qwen2.5-0.5b/userlm/20260710_212140_b-n0001
20260710_212210_b-n0001,batch,1,1,2026-07-10T19:33:08+00:00,/beegfs/home/users/g/generalgroovy/experiments/CoopNavigationSDS/results/agent_b/userlm_transformers/01-small-qwen2.5-0.5b/userlm/20260710_212210_b-n0001
20260710_212442_b-n0001,batch,1,1,2026-07-10T19:34:12+00:00,/beegfs/home/users/g/generalgroovy/experiments/CoopNavigationSDS/results/agent_b/userlm_transformers/01-small-qwen2.5-0.5b/userlm/20260710_212442_b-n0001
20260710_213012_b-n0001,batch,1,1,2026-07-10T19:40:19+00:00,/beegfs/home/users/g/generalgroovy/experiments/CoopNavigationSDS/results/agent_b/userlm_transformers/01-small-qwen2.5-0.5b/userlm/20260710_213012_b-n0001
20260710_213012_b-n0001_02,batch,1,0,2026-07-10T19:37:58+00:00,/beegfs/home/users/g/generalgroovy/experiments/CoopNavigationSDS/results/agent_b/userlm_transformers/01-small-qwen2.5-0.5b/userlm/20260710_213012_b-n0001_02
20260710_213112_b-n0001,batch,1,1,2026-07-10T19:42:23+00:00,/beegfs/home/users/g/generalgroovy/experiments/CoopNavigationSDS/results/agent_b/userlm_transformers/01-small-qwen2.5-0.5b/userlm/20260710_213112_b-n0001
20260710_213212_b-n0001,batch,1,1,2026-07-10T19:43:38+00:00,/beegfs/home/users/g/generalgroovy/experiments/CoopNavigationSDS/results/agent_b/userlm_transformers/01-small-qwen2.5-0.5b/userlm/20260710_213212_b-n0001
20260710_213643_b-n0001,batch,1,1,2026-07-10T19:47:05+00:00,/beegfs/home/users/g/generalgroovy/experiments/CoopNavigationSDS/results/agent_b/userlm_transformers/01-small-qwen2.5-0.5b/userlm/20260710_213643_b-n0001
20260710_213913_b-n0001,batch,1,1,2026-07-10T19:51:31+00:00,/beegfs/home/users/g/generalgroovy/experiments/CoopNavigationSDS/results/agent_b/userlm_transformers/01-small-qwen2.5-0.5b/userlm/20260710_213913_b-n0001
20260710_214113_b-n0001,batch,1,1,2026-07-10T19:51:32+00:00,/beegfs/home/users/g/generalgroovy/experiments/CoopNavigationSDS/results/agent_b/userlm_transformers/01-small-qwen2.5-0.5b/userlm/20260710_214113_b-n0001
20260710_214214_b-n0001,batch,1,1,2026-07-10T19:51:52+00:00,/beegfs/home/users/g/generalgroovy/experiments/CoopNavigationSDS/results/agent_b/userlm_transformers/01-small-qwen2.5-0.5b/userlm/20260710_214214_b-n0001
20260710_214514_b-n0001,batch,1,1,2026-07-10T19:58:03+00:00,/beegfs/home/users/g/generalgroovy/experiments/CoopNavigationSDS/results/agent_b/userlm_transformers/01-small-qwen2.5-0.5b/userlm/20260710_214514_b-n0001
20260710_215015_b-n0001,batch,1,1,2026-07-10T19:59:14+00:00,/beegfs/home/users/g/generalgroovy/experiments/CoopNavigationSDS/results/agent_b/userlm_transformers/01-small-qwen2.5-0.5b/userlm/20260710_215015_b-n0001
20260710_215015_b-n0001_02,batch,1,1,2026-07-10T20:04:38+00:00,/beegfs/home/users/g/generalgroovy/experiments/CoopNavigationSDS/results/agent_b/userlm_transformers/01-small-qwen2.5-0.5b/userlm/20260710_215015_b-n0001_02
20260710_215015_b-n0001_03,batch,1,1,2026-07-10T20:05:56+00:00,/beegfs/home/users/g/generalgroovy/experiments/CoopNavigationSDS/results/agent_b/userlm_transformers/01-small-qwen2.5-0.5b/userlm/20260710_215015_b-n0001_03
20260710_215616_b-n0001,batch,1,1,2026-07-10T20:06:20+00:00,/beegfs/home/users/g/generalgroovy/experiments/CoopNavigationSDS/results/agent_b/userlm_transformers/01-small-qwen2.5-0.5b/userlm/20260710_215616_b-n0001
20260710_215746_b-n0001,batch,1,1,2026-07-10T20:08:40+00:00,/beegfs/home/users/g/generalgroovy/experiments/CoopNavigationSDS/results/agent_b/userlm_transformers/01-small-qwen2.5-0.5b/userlm/20260710_215746_b-n0001
20260710_220447_b-n0001,batch,1,1,2026-07-10T20:16:53+00:00,/beegfs/home/users/g/generalgroovy/experiments/CoopNavigationSDS/results/agent_b/userlm_transformers/01-small-qwen2.5-0.5b/userlm/20260710_220447_b-n0001
20260710_220717_b-n0001,batch,1,1,2026-07-10T20:16:03+00:00,/beegfs/home/users/g/generalgroovy/experiments/CoopNavigationSDS/results/agent_b/userlm_transformers/01-small-qwen2.5-0.5b/userlm/20260710_220717_b-n0001
20260710_221448_b-n0001,batch,1,1,2026-07-10T20:27:14+00:00,/beegfs/home/users/g/generalgroovy/experiments/CoopNavigationSDS/results/agent_b/userlm_transformers/01-small-qwen2.5-0.5b/userlm/20260710_221448_b-n0001
20260710_221548_b-n0001,batch,1,1,2026-07-10T20:25:54+00:00,/beegfs/home/users/g/generalgroovy/experiments/CoopNavigationSDS/results/agent_b/userlm_transformers/01-small-qwen2.5-0.5b/userlm/20260710_221548_b-n0001
20260710_222449_b-n0001,batch,1,1,2026-07-10T20:34:52+00:00,/beegfs/home/users/g/generalgroovy/experiments/CoopNavigationSDS/results/agent_b/userlm_transformers/01-small-qwen2.5-0.5b/userlm/20260710_222449_b-n0001
20260710_222519_b-n0001,batch,1,1,2026-07-10T20:34:15+00:00,/beegfs/home/users/g/generalgroovy/experiments/CoopNavigationSDS/results/agent_b/userlm_transformers/01-small-qwen2.5-0.5b/userlm/20260710_222519_b-n0001
20260710_223250_b-n0001,batch,1,1,2026-07-10T20:45:16+00:00,/beegfs/home/users/g/generalgroovy/experiments/CoopNavigationSDS/results/agent_b/userlm_transformers/01-small-qwen2.5-0.5b/userlm/20260710_223250_b-n0001
20260710_223251_b-n0001,batch,1,0,2026-07-10T20:36:09+00:00,/beegfs/home/users/g/generalgroovy/experiments/CoopNavigationSDS/results/agent_b/userlm_transformers/01-small-qwen2.5-0.5b/userlm/20260710_223251_b-n0001
20260710_223420_b-n0001,batch,1,0,2026-07-10T20:37:42+00:00,/beegfs/home/users/g/generalgroovy/experiments/CoopNavigationSDS/results/agent_b/userlm_transformers/01-small-qwen2.5-0.5b/userlm/20260710_223420_b-n0001
20260710_223550_b-n0001,batch,1,1,2026-07-10T20:45:45+00:00,/beegfs/home/users/g/generalgroovy/experiments/CoopNavigationSDS/results/agent_b/userlm_transformers/01-small-qwen2.5-0.5b/userlm/20260710_223550_b-n0001
20260710_224322_b-n0001,batch,1,1,2026-07-10T20:54:06+00:00,/beegfs/home/users/g/generalgroovy/experiments/CoopNavigationSDS/results/agent_b/userlm_transformers/01-small-qwen2.5-0.5b/userlm/20260710_224322_b-n0001
20260710_224351_b-n0001,batch,1,1,2026-07-10T20:56:46+00:00,/beegfs/home/users/g/generalgroovy/experiments/CoopNavigationSDS/results/agent_b/userlm_transformers/01-small-qwen2.5-0.5b/userlm/20260710_224351_b-n0001
20260710_225222_b-n0001,batch,1,1,2026-07-10T21:04:27+00:00,/beegfs/home/users/g/generalgroovy/experiments/CoopNavigationSDS/results/agent_b/userlm_transformers/01-small-qwen2.5-0.5b/userlm/20260710_225222_b-n0001
20260710_225453_b-n0001,batch,1,1,2026-07-10T21:05:25+00:00,/beegfs/home/users/g/generalgroovy/experiments/CoopNavigationSDS/results/agent_b/userlm_transformers/01-small-qwen2.5-0.5b/userlm/20260710_225453_b-n0001
20260710_230224_b-n0001,batch,1,1,2026-07-10T21:12:56+00:00,/beegfs/home/users/g/generalgroovy/experiments/CoopNavigationSDS/results/agent_b/userlm_transformers/01-small-qwen2.5-0.5b/userlm/20260710_230224_b-n0001
20260710_230354_b-n0001,batch,1,1,2026-07-10T21:17:30+00:00,/beegfs/home/users/g/generalgroovy/experiments/CoopNavigationSDS/results/agent_b/userlm_transformers/01-small-qwen2.5-0.5b/userlm/20260710_230354_b-n0001
20260710_231056_b-n0001,batch,1,1,2026-07-10T21:23:02+00:00,/beegfs/home/users/g/generalgroovy/experiments/CoopNavigationSDS/results/agent_b/userlm_transformers/01-small-qwen2.5-0.5b/userlm/20260710_231056_b-n0001
20260710_231525_b-n0001,batch,1,1,2026-07-10T21:25:45+00:00,/beegfs/home/users/g/generalgroovy/experiments/CoopNavigationSDS/results/agent_b/userlm_transformers/01-small-qwen2.5-0.5b/userlm/20260710_231525_b-n0001
20260710_232430_b-n0001,batch,1,1,2026-07-10T21:39:21+00:00,/beegfs/home/users/g/generalgroovy/experiments/CoopNavigationSDS/results/agent_b/userlm_transformers/01-small-qwen2.5-0.5b/userlm/20260710_232430_b-n0001
20260710_220317_b-n0001,batch,1,1,2026-07-10T20:15:19+00:00,/beegfs/home/users/g/generalgroovy/experiments/CoopNavigationSDS/results/agent_b/userlm_transformers/01-small-tinyllama-1.1b/userlm/20260710_220317_b-n0001
20260710_220448_b-n0001,batch,1,1,2026-07-10T20:17:55+00:00,/beegfs/home/users/g/generalgroovy/experiments/CoopNavigationSDS/results/agent_b/userlm_transformers/01-small-tinyllama-1.1b/userlm/20260710_220448_b-n0001
20260710_221318_b-n0001,batch,1,1,2026-07-10T20:26:02+00:00,/beegfs/home/users/g/generalgroovy/experiments/CoopNavigationSDS/results/agent_b/userlm_transformers/01-small-tinyllama-1.1b/userlm/20260710_221318_b-n0001
20260710_221619_b-n0001,batch,1,0,2026-07-10T20:24:27+00:00,/beegfs/home/users/g/generalgroovy/experiments/CoopNavigationSDS/results/agent_b/userlm_transformers/01-small-tinyllama-1.1b/userlm/20260710_221619_b-n0001
20260710_222319_b-n0001,batch,1,0,2026-07-10T20:26:00+00:00,/beegfs/home/users/g/generalgroovy/experiments/CoopNavigationSDS/results/agent_b/userlm_transformers/01-small-tinyllama-1.1b/userlm/20260710_222319_b-n0001
20260710_222449_b-n0001,batch,1,0,2026-07-10T20:28:00+00:00,/beegfs/home/users/g/generalgroovy/experiments/CoopNavigationSDS/results/agent_b/userlm_transformers/01-small-tinyllama-1.1b/userlm/20260710_222449_b-n0001
20260710_222449_b-n0001_02,batch,1,0,2026-07-10T20:27:30+00:00,/beegfs/home/users/g/generalgroovy/experiments/CoopNavigationSDS/results/agent_b/userlm_transformers/01-small-tinyllama-1.1b/userlm/20260710_222449_b-n0001_02
20260710_222619_b-n0001,batch,1,0,2026-07-10T20:29:34+00:00,/beegfs/home/users/g/generalgroovy/experiments/CoopNavigationSDS/results/agent_b/userlm_transformers/01-small-tinyllama-1.1b/userlm/20260710_222619_b-n0001
20260710_222620_b-n0001,batch,1,1,2026-07-10T20:38:13+00:00,/beegfs/home/users/g/generalgroovy/experiments/CoopNavigationSDS/results/agent_b/userlm_transformers/01-small-tinyllama-1.1b/userlm/20260710_222620_b-n0001
20260710_222749_b-n0001,batch,1,1,2026-07-10T20:42:04+00:00,/beegfs/home/users/g/generalgroovy/experiments/CoopNavigationSDS/results/agent_b/userlm_transformers/01-small-tinyllama-1.1b/userlm/20260710_222749_b-n0001
20260710_223621_b-n0001,batch,1,1,2026-07-10T20:50:00+00:00,/beegfs/home/users/g/generalgroovy/experiments/CoopNavigationSDS/results/agent_b/userlm_transformers/01-small-tinyllama-1.1b/userlm/20260710_223621_b-n0001
20260710_224022_b-n0001,batch,1,1,2026-07-10T20:54:45+00:00,/beegfs/home/users/g/generalgroovy/experiments/CoopNavigationSDS/results/agent_b/userlm_transformers/01-small-tinyllama-1.1b/userlm/20260710_224022_b-n0001
20260710_224822_b-n0001,batch,1,0,2026-07-10T20:50:57+00:00,/beegfs/home/users/g/generalgroovy/experiments/CoopNavigationSDS/results/agent_b/userlm_transformers/01-small-tinyllama-1.1b/userlm/20260710_224822_b-n0001
20260710_224952_b-n0001,batch,1,0,2026-07-10T20:52:58+00:00,/beegfs/home/users/g/generalgroovy/experiments/CoopNavigationSDS/results/agent_b/userlm_transformers/01-small-tinyllama-1.1b/userlm/20260710_224952_b-n0001
20260710_225052_b-n0001,batch,1,0,2026-07-10T20:53:25+00:00,/beegfs/home/users/g/generalgroovy/experiments/CoopNavigationSDS/results/agent_b/userlm_transformers/01-small-tinyllama-1.1b/userlm/20260710_225052_b-n0001
20260710_225152_b-n0001,batch,1,0,2026-07-10T20:54:58+00:00,/beegfs/home/users/g/generalgroovy/experiments/CoopNavigationSDS/results/agent_b/userlm_transformers/01-small-tinyllama-1.1b/userlm/20260710_225152_b-n0001
20260710_225252_b-n0001,batch,1,0,2026-07-10T20:55:34+00:00,/beegfs/home/users/g/generalgroovy/experiments/CoopNavigationSDS/results/agent_b/userlm_transformers/01-small-tinyllama-1.1b/userlm/20260710_225252_b-n0001
20260710_225323_b-n0001,batch,1,0,2026-07-10T20:56:07+00:00,/beegfs/home/users/g/generalgroovy/experiments/CoopNavigationSDS/results/agent_b/userlm_transformers/01-small-tinyllama-1.1b/userlm/20260710_225323_b-n0001
20260710_225423_b-n0001,batch,1,0,2026-07-10T20:57:14+00:00,/beegfs/home/users/g/generalgroovy/experiments/CoopNavigationSDS/results/agent_b/userlm_transformers/01-small-tinyllama-1.1b/userlm/20260710_225423_b-n0001
20260710_225453_b-n0001,batch,1,0,2026-07-10T20:58:25+00:00,/beegfs/home/users/g/generalgroovy/experiments/CoopNavigationSDS/results/agent_b/userlm_transformers/01-small-tinyllama-1.1b/userlm/20260710_225453_b-n0001
20260710_225553_b-n0001,batch,1,1,2026-07-10T21:07:24+00:00,/beegfs/home/users/g/generalgroovy/experiments/CoopNavigationSDS/results/agent_b/userlm_transformers/01-small-tinyllama-1.1b/userlm/20260710_225553_b-n0001
20260710_225623_b-n0001,batch,1,1,2026-07-10T21:07:30+00:00,/beegfs/home/users/g/generalgroovy/experiments/CoopNavigationSDS/results/agent_b/userlm_transformers/01-small-tinyllama-1.1b/userlm/20260710_225623_b-n0001
20260710_230555_b-n0001,batch,1,1,2026-07-10T21:19:09+00:00,/beegfs/home/users/g/generalgroovy/experiments/CoopNavigationSDS/results/agent_b/userlm_transformers/01-small-tinyllama-1.1b/userlm/20260710_230555_b-n0001
20260710_230625_b-n0001,batch,1,1,2026-07-10T21:23:23+00:00,/beegfs/home/users/g/generalgroovy/experiments/CoopNavigationSDS/results/agent_b/userlm_transformers/01-small-tinyllama-1.1b/userlm/20260710_230625_b-n0001
20260710_231726_b-n0001,batch,1,1,2026-07-10T21:29:35+00:00,/beegfs/home/users/g/generalgroovy/experiments/CoopNavigationSDS/results/agent_b/userlm_transformers/01-small-tinyllama-1.1b/userlm/20260710_231726_b-n0001
20260710_232126_b-n0001,batch,1,1,2026-07-10T21:36:16+00:00,/beegfs/home/users/g/generalgroovy/experiments/CoopNavigationSDS/results/agent_b/userlm_transformers/01-small-tinyllama-1.1b/userlm/20260710_232126_b-n0001
20260710_232126_b-n0001_02,batch,1,1,2026-07-10T21:33:19+00:00,/beegfs/home/users/g/generalgroovy/experiments/CoopNavigationSDS/results/agent_b/userlm_transformers/01-small-tinyllama-1.1b/userlm/20260710_232126_b-n0001_02
20260710_232827_b-n0001,batch,1,1,2026-07-10T21:48:42+00:00,/beegfs/home/users/g/generalgroovy/experiments/CoopNavigationSDS/results/agent_b/userlm_transformers/01-small-tinyllama-1.1b/userlm/20260710_232827_b-n0001
20260710_233127_b-n0001,batch,1,1,2026-07-10T21:47:04+00:00,/beegfs/home/users/g/generalgroovy/experiments/CoopNavigationSDS/results/agent_b/userlm_transformers/01-small-tinyllama-1.1b/userlm/20260710_233127_b-n0001
20260710_233429_b-n0001,batch,1,0,2026-07-10T21:40:15+00:00,/beegfs/home/users/g/generalgroovy/experiments/CoopNavigationSDS/results/agent_b/userlm_transformers/01-small-tinyllama-1.1b/userlm/20260710_233429_b-n0001
20260710_233732_b-n0001,batch,1,1,2026-07-10T21:49:20+00:00,/beegfs/home/users/g/generalgroovy/experiments/CoopNavigationSDS/results/agent_b/userlm_transformers/01-small-tinyllama-1.1b/userlm/20260710_233732_b-n0001
20260710_233828_b-n0001,batch,1,1,2026-07-10T21:50:13+00:00,/beegfs/home/users/g/generalgroovy/experiments/CoopNavigationSDS/results/agent_b/userlm_transformers/01-small-tinyllama-1.1b/userlm/20260710_233828_b-n0001
20260710_234459_b-n0001,batch,1,1,2026-07-10T21:58:25+00:00,/beegfs/home/users/g/generalgroovy/experiments/CoopNavigationSDS/results/agent_b/userlm_transformers/01-small-tinyllama-1.1b/userlm/20260710_234459_b-n0001
20260710_234729_b-n0001,batch,1,1,2026-07-10T22:00:25+00:00,/beegfs/home/users/g/generalgroovy/experiments/CoopNavigationSDS/results/agent_b/userlm_transformers/01-small-tinyllama-1.1b/userlm/20260710_234729_b-n0001
20260710_234803_b-n0001,batch,1,1,2026-07-10T22:04:20+00:00,/beegfs/home/users/g/generalgroovy/experiments/CoopNavigationSDS/results/agent_b/userlm_transformers/01-small-tinyllama-1.1b/userlm/20260710_234803_b-n0001
20260710_234829_b-n0001,batch,1,1,2026-07-10T22:01:50+00:00,/beegfs/home/users/g/generalgroovy/experiments/CoopNavigationSDS/results/agent_b/userlm_transformers/01-small-tinyllama-1.1b/userlm/20260710_234829_b-n0001
20260710_235630_b-n0001,batch,1,1,2026-07-10T22:11:35+00:00,/beegfs/home/users/g/generalgroovy/experiments/CoopNavigationSDS/results/agent_b/userlm_transformers/01-small-tinyllama-1.1b/userlm/20260710_235630_b-n0001
20260710_235830_b-n0001,batch,1,0,2026-07-10T22:06:22+00:00,/beegfs/home/users/g/generalgroovy/experiments/CoopNavigationSDS/results/agent_b/userlm_transformers/01-small-tinyllama-1.1b/userlm/20260710_235830_b-n0001
20260711_000030_b-n0001,batch,1,1,2026-07-10T22:11:03+00:00,/beegfs/home/users/g/generalgroovy/experiments/CoopNavigationSDS/results/agent_b/userlm_transformers/01-small-tinyllama-1.1b/userlm/20260711_000030_b-n0001
20260711_000230_b-n0001,batch,1,1,2026-07-10T22:14:23+00:00,/beegfs/home/users/g/generalgroovy/experiments/CoopNavigationSDS/results/agent_b/userlm_transformers/01-small-tinyllama-1.1b/userlm/20260711_000230_b-n0001
20260711_000430_b-n0001,batch,1,1,2026-07-10T22:16:38+00:00,/beegfs/home/users/g/generalgroovy/experiments/CoopNavigationSDS/results/agent_b/userlm_transformers/01-small-tinyllama-1.1b/userlm/20260711_000430_b-n0001
20260711_000931_b-n0001,batch,1,1,2026-07-10T22:21:07+00:00,/beegfs/home/users/g/generalgroovy/experiments/CoopNavigationSDS/results/agent_b/userlm_transformers/01-small-tinyllama-1.1b/userlm/20260711_000931_b-n0001
20260711_000932_b-n0001,batch,1,1,2026-07-10T22:24:05+00:00,/beegfs/home/users/g/generalgroovy/experiments/CoopNavigationSDS/results/agent_b/userlm_transformers/01-small-tinyllama-1.1b/userlm/20260711_000932_b-n0001
20260711_001301_b-n0001,batch,1,1,2026-07-10T22:28:14+00:00,/beegfs/home/users/g/generalgroovy/experiments/CoopNavigationSDS/results/agent_b/userlm_transformers/01-small-tinyllama-1.1b/userlm/20260711_001301_b-n0001
20260711_001504_b-n0001,batch,1,1,2026-07-10T22:34:00+00:00,/beegfs/home/users/g/generalgroovy/experiments/CoopNavigationSDS/results/agent_b/userlm_transformers/01-small-tinyllama-1.1b/userlm/20260711_001504_b-n0001
20260711_001901_b-n0001,batch,1,1,2026-07-10T22:31:34+00:00,/beegfs/home/users/g/generalgroovy/experiments/CoopNavigationSDS/results/agent_b/userlm_transformers/01-small-tinyllama-1.1b/userlm/20260711_001901_b-n0001
20260711_002202_b-n0001,batch,1,1,2026-07-10T22:34:12+00:00,/beegfs/home/users/g/generalgroovy/experiments/CoopNavigationSDS/results/agent_b/userlm_transformers/01-small-tinyllama-1.1b/userlm/20260711_002202_b-n0001
20260711_002702_b-n0001,batch,1,1,2026-07-10T22:38:57+00:00,/beegfs/home/users/g/generalgroovy/experiments/CoopNavigationSDS/results/agent_b/userlm_transformers/01-small-tinyllama-1.1b/userlm/20260711_002702_b-n0001
20260711_003003_b-n0001,batch,1,1,2026-07-10T22:41:43+00:00,/beegfs/home/users/g/generalgroovy/experiments/CoopNavigationSDS/results/agent_b/userlm_transformers/01-small-tinyllama-1.1b/userlm/20260711_003003_b-n0001
20260711_003203_b-n0001,batch,1,1,2026-07-10T22:44:05+00:00,/beegfs/home/users/g/generalgroovy/experiments/CoopNavigationSDS/results/agent_b/userlm_transformers/01-small-tinyllama-1.1b/userlm/20260711_003203_b-n0001
20260711_003303_b-n0001,batch,1,0,2026-07-10T22:38:26+00:00,/beegfs/home/users/g/generalgroovy/experiments/CoopNavigationSDS/results/agent_b/userlm_transformers/01-small-tinyllama-1.1b/userlm/20260711_003303_b-n0001
20260711_003633_b-n0001,batch,1,1,2026-07-10T22:49:18+00:00,/beegfs/home/users/g/generalgroovy/experiments/CoopNavigationSDS/results/agent_b/userlm_transformers/01-small-tinyllama-1.1b/userlm/20260711_003633_b-n0001
20260711_003733_b-n0001,batch,1,1,2026-07-10T22:51:42+00:00,/beegfs/home/users/g/generalgroovy/experiments/CoopNavigationSDS/results/agent_b/userlm_transformers/01-small-tinyllama-1.1b/userlm/20260711_003733_b-n0001
20260711_004003_b-n0001,batch,1,1,2026-07-10T22:53:20+00:00,/beegfs/home/users/g/generalgroovy/experiments/CoopNavigationSDS/results/agent_b/userlm_transformers/01-small-tinyllama-1.1b/userlm/20260711_004003_b-n0001
20260711_004234_b-n0001,batch,1,1,2026-07-10T22:58:00+00:00,/beegfs/home/users/g/generalgroovy/experiments/CoopNavigationSDS/results/agent_b/userlm_transformers/01-small-tinyllama-1.1b/userlm/20260711_004234_b-n0001
20260711_004736_b-n0001,batch,1,1,2026-07-10T23:02:17+00:00,/beegfs/home/users/g/generalgroovy/experiments/CoopNavigationSDS/results/agent_b/userlm_transformers/01-small-tinyllama-1.1b/userlm/20260711_004736_b-n0001
20260711_005005_b-n0001,batch,1,1,2026-07-10T23:02:12+00:00,/beegfs/home/users/g/generalgroovy/experiments/CoopNavigationSDS/results/agent_b/userlm_transformers/01-small-tinyllama-1.1b/userlm/20260711_005005_b-n0001
20260711_005135_b-n0001,batch,1,1,2026-07-10T23:03:28+00:00,/beegfs/home/users/g/generalgroovy/experiments/CoopNavigationSDS/results/agent_b/userlm_transformers/01-small-tinyllama-1.1b/userlm/20260711_005135_b-n0001
20260711_005605_b-n0001,batch,1,1,2026-07-10T23:08:19+00:00,/beegfs/home/users/g/generalgroovy/experiments/CoopNavigationSDS/results/agent_b/userlm_transformers/01-small-tinyllama-1.1b/userlm/20260711_005605_b-n0001
20260711_010106_b-n0001,batch,1,1,2026-07-10T23:16:45+00:00,/beegfs/home/users/g/generalgroovy/experiments/CoopNavigationSDS/results/agent_b/userlm_transformers/01-small-tinyllama-1.1b/userlm/20260711_010106_b-n0001
20260711_010107_b-n0001,batch,1,1,2026-07-10T23:13:21+00:00,/beegfs/home/users/g/generalgroovy/experiments/CoopNavigationSDS/results/agent_b/userlm_transformers/01-small-tinyllama-1.1b/userlm/20260711_010107_b-n0001
20260711_010136_b-n0001,batch,1,1,2026-07-10T23:12:58+00:00,/beegfs/home/users/g/generalgroovy/experiments/CoopNavigationSDS/results/agent_b/userlm_transformers/01-small-tinyllama-1.1b/userlm/20260711_010136_b-n0001
20260711_010706_b-n0001,batch,1,0,2026-07-10T23:11:47+00:00,/beegfs/home/users/g/generalgroovy/experiments/CoopNavigationSDS/results/agent_b/userlm_transformers/01-small-tinyllama-1.1b/userlm/20260711_010706_b-n0001
20260711_011036_b-n0001,batch,1,1,2026-07-10T23:23:08+00:00,/beegfs/home/users/g/generalgroovy/experiments/CoopNavigationSDS/results/agent_b/userlm_transformers/01-small-tinyllama-1.1b/userlm/20260711_011036_b-n0001
20260711_011136_b-n0001,batch,1,0,2026-07-10T23:15:21+00:00,/beegfs/home/users/g/generalgroovy/experiments/CoopNavigationSDS/results/agent_b/userlm_transformers/01-small-tinyllama-1.1b/userlm/20260711_011136_b-n0001
20260711_011136_b-n0001_02,batch,1,1,2026-07-10T23:28:29+00:00,/beegfs/home/users/g/generalgroovy/experiments/CoopNavigationSDS/results/agent_b/userlm_transformers/01-small-tinyllama-1.1b/userlm/20260711_011136_b-n0001_02
20260711_011337_b-n0001,batch,1,0,2026-07-10T23:17:02+00:00,/beegfs/home/users/g/generalgroovy/experiments/CoopNavigationSDS/results/agent_b/userlm_transformers/01-small-tinyllama-1.1b/userlm/20260711_011337_b-n0001
20260711_011506_b-n0001,batch,1,1,2026-07-10T23:26:19+00:00,/beegfs/home/users/g/generalgroovy/experiments/CoopNavigationSDS/results/agent_b/userlm_transformers/01-small-tinyllama-1.1b/userlm/20260711_011506_b-n0001
20260711_011506_b-n0001_02,batch,1,1,2026-07-10T23:26:58+00:00,/beegfs/home/users/g/generalgroovy/experiments/CoopNavigationSDS/results/agent_b/userlm_transformers/01-small-tinyllama-1.1b/userlm/20260711_011506_b-n0001_02
20260711_012109_b-n0001,batch,1,1,2026-07-10T23:35:53+00:00,/beegfs/home/users/g/generalgroovy/experiments/CoopNavigationSDS/results/agent_b/userlm_transformers/01-small-tinyllama-1.1b/userlm/20260711_012109_b-n0001
20260711_012438_b-n0001,batch,1,1,2026-07-10T23:36:35+00:00,/beegfs/home/users/g/generalgroovy/experiments/CoopNavigationSDS/results/agent_b/userlm_transformers/01-small-tinyllama-1.1b/userlm/20260711_012438_b-n0001
20260711_012539_b-n0001,batch,1,1,2026-07-10T23:39:24+00:00,/beegfs/home/users/g/generalgroovy/experiments/CoopNavigationSDS/results/agent_b/userlm_transformers/01-small-tinyllama-1.1b/userlm/20260711_012539_b-n0001
20260711_012638_b-n0001,batch,1,1,2026-07-10T23:39:05+00:00,/beegfs/home/users/g/generalgroovy/experiments/CoopNavigationSDS/results/agent_b/userlm_transformers/01-small-tinyllama-1.1b/userlm/20260711_012638_b-n0001
20260711_013438_b-n0001,batch,1,1,2026-07-10T23:46:25+00:00,/beegfs/home/users/g/generalgroovy/experiments/CoopNavigationSDS/results/agent_b/userlm_transformers/01-small-tinyllama-1.1b/userlm/20260711_013438_b-n0001
20260711_013509_b-n0001,batch,1,1,2026-07-10T23:46:23+00:00,/beegfs/home/users/g/generalgroovy/experiments/CoopNavigationSDS/results/agent_b/userlm_transformers/01-small-tinyllama-1.1b/userlm/20260711_013509_b-n0001
20260711_013709_b-n0001,batch,1,1,2026-07-10T23:50:51+00:00,/beegfs/home/users/g/generalgroovy/experiments/CoopNavigationSDS/results/agent_b/userlm_transformers/01-small-tinyllama-1.1b/userlm/20260711_013709_b-n0001
20260711_013739_b-n0001,batch,1,1,2026-07-10T23:49:27+00:00,/beegfs/home/users/g/generalgroovy/experiments/CoopNavigationSDS/results/agent_b/userlm_transformers/01-small-tinyllama-1.1b/userlm/20260711_013739_b-n0001
20260711_014439_b-n0001,batch,1,1,2026-07-10T23:56:20+00:00,/beegfs/home/users/g/generalgroovy/experiments/CoopNavigationSDS/results/agent_b/userlm_transformers/01-small-tinyllama-1.1b/userlm/20260711_014439_b-n0001
20260711_014510_b-n0001,batch,1,0,2026-07-11T00:01:17+00:00,/beegfs/home/users/g/generalgroovy/experiments/CoopNavigationSDS/results/agent_b/userlm_transformers/01-small-tinyllama-1.1b/userlm/20260711_014510_b-n0001
20260711_014809_b-n0001,batch,1,1,2026-07-11T00:01:30+00:00,/beegfs/home/users/g/generalgroovy/experiments/CoopNavigationSDS/results/agent_b/userlm_transformers/01-small-tinyllama-1.1b/userlm/20260711_014809_b-n0001
20260711_015512_b-n0001,batch,1,1,2026-07-11T00:06:28+00:00,/beegfs/home/users/g/generalgroovy/experiments/CoopNavigationSDS/results/agent_b/userlm_transformers/01-small-tinyllama-1.1b/userlm/20260711_015512_b-n0001
20260711_020012_b-n0001,batch,1,1,2026-07-11T00:11:25+00:00,/beegfs/home/users/g/generalgroovy/experiments/CoopNavigationSDS/results/agent_b/userlm_transformers/01-small-tinyllama-1.1b/userlm/20260711_020012_b-n0001
20260711_020514_b-n0001,batch,1,1,2026-07-11T00:18:06+00:00,/beegfs/home/users/g/generalgroovy/experiments/CoopNavigationSDS/results/agent_b/userlm_transformers/01-small-tinyllama-1.1b/userlm/20260711_020514_b-n0001
20260711_021015_b-n0001,batch,1,1,2026-07-11T00:22:41+00:00,/beegfs/home/users/g/generalgroovy/experiments/CoopNavigationSDS/results/agent_b/userlm_transformers/01-small-tinyllama-1.1b/userlm/20260711_021015_b-n0001
